battery_id,building_id,room_id,t_p10,t_p25,t_p50,t_p75,t_p90,hazard_next_7d
d_f44ef99c6628,b_b7e9d5634ad3,r_484904c730d7,11.1,56.1,,,,0.0794
d_e1772c236402,b_b7e9d5634ad3,r_484904c730d7,61.1,,,,,0.0274
d_2fb7a37dadcd,b_afdd8b1a066d,r_68e2b99fbf02,,,,,,0.0
d_20b5bd087fd4,b_afdd8b1a066d,r_7d9d533d77cb,,,,,,0.0256
d_dd190a4f9355,b_afdd8b1a066d,r_7d9d533d77cb,,,,,,0.0188
d_2e144a557e02,b_afdd8b1a066d,r_7d9d533d77cb,,,,,,0.0157
d_063c79be3016,b_afdd8b1a066d,r_7d9d533d77cb,,,,,,0.0247
d_b0638b76cb66,b_afdd8b1a066d,r_7d9d533d77cb,,,,,,0.0184
d_421ba7bf1017,b_afdd8b1a066d,r_7d9d533d77cb,,,,,,0.0328
d_d622ad296e2c,b_afdd8b1a066d,r_7d9d533d77cb,,,,,,0.0192
d_19e17286a070,b_afdd8b1a066d,r_7d9d533d77cb,84.2,,,,,0.0
d_65412692e8d8,b_afdd8b1a066d,r_7d9d533d77cb,,,,,,0.0
d_4a112772cc86,b_afdd8b1a066d,r_7d9d533d77cb,,,,,,0.0
d_60979a1a7557,b_afdd8b1a066d,r_7d9d533d77cb,192.1,263.1,465.1,610.1,,0.0
d_9f0e0e2d9148,b_afdd8b1a066d,r_7d9d533d77cb,198.1,278.1,478.1,700.1,,0.0
d_6ac18187fab8,b_afdd8b1a066d,r_7d9d533d77cb,325.2,563.2,,,,0.0001
d_ab77e1f67872,b_afdd8b1a066d,r_7d9d533d77cb,263.1,477.1,,,,0.0
d_68ddb9c04383,b_afdd8b1a066d,r_7d9d533d77cb,314.1,558.1,,,,0.0
d_9be15b20b63a,b_afdd8b1a066d,r_51e3a4545cad,48.2,,,,,0.0
d_48afe2506d60,b_afdd8b1a066d,r_51e3a4545cad,70.2,,,,,0.0
d_abf323d095a5,b_afdd8b1a066d,r_6dbe4292d4d7,163.2,,,,,0.0
d_5b949effa7b2,b_afdd8b1a066d,r_6dbe4292d4d7,162.2,,,,,0.0
d_695002e46e72,b_afdd8b1a066d,r_6dbe4292d4d7,155.2,,,,,0.0
d_fff7c4acbe60,b_afdd8b1a066d,r_f77e432fe269,81.2,,,,,0.0
d_22d7dbfeed76,b_afdd8b1a066d,r_f77e432fe269,433.1,695.1,,,,0.0
d_5bcd3e4ebaef,b_afdd8b1a066d,r_f77e432fe269,434.1,697.1,,,,0.0
d_253d0f123532,b_afdd8b1a066d,r_f77e432fe269,106.2,214.2,,,,0.0084
d_33d44c40edcf,b_afdd8b1a066d,r_d1e39dbbd605,,,,,,0.0
d_5b130675e18c,b_afdd8b1a066d,r_d1e39dbbd605,,,,,,0.0
d_db2988877013,b_afdd8b1a066d,r_d1e39dbbd605,,,,,,0.0
d_8e00a7af973d,b_afdd8b1a066d,r_d1e39dbbd605,,,,,,0.0
d_718d9aa4fc07,b_afdd8b1a066d,r_d1e39dbbd605,,,,,,0.0
d_bc75d2d68089,b_afdd8b1a066d,r_d1e39dbbd605,,,,,,0.0
d_6d7dd78e506a,b_afdd8b1a066d,r_f04bff6ae6b7,,,,,,0.0
d_0fa23d252abf,b_afdd8b1a066d,r_f04bff6ae6b7,,,,,,0.0
d_21d63ad64295,b_afdd8b1a066d,r_f04bff6ae6b7,409.3,617.3,,,,0.0012
d_aa9ddf9d3867,b_afdd8b1a066d,r_bcd426cb4dc2,,,,,,0.0
d_fbc4ecb3674c,b_afdd8b1a066d,r_bcd426cb4dc2,,,,,,0.0
d_75b7d0c1fee9,b_afdd8b1a066d,r_bcd426cb4dc2,,,,,,0.0192
d_7881e067e23d,b_afdd8b1a066d,r_ea358c0b18f2,184.0,403.0,,,,0.0007
d_320ecf4e93b7,b_afdd8b1a066d,r_ea358c0b18f2,315.0,519.0,,,,0.0005
d_9b4f45db9dbb,b_afdd8b1a066d,r_ea358c0b18f2,275.0,479.0,,,,0.0006
d_07a29dc86c9f,b_afdd8b1a066d,r_3a26ffb366db,112.1,237.1,408.1,,,0.0017
d_343dcb2826c7,b_afdd8b1a066d,r_3a26ffb366db,179.1,391.1,,,,0.0008
d_4aa47e2a60fe,b_afdd8b1a066d,r_3a26ffb366db,43.1,78.1,121.1,180.1,315.1,0.0098
d_153b5d46b36b,b_afdd8b1a066d,r_b90eecea9c7e,174.9,238.9,303.9,449.9,542.9,0.0113
d_d82479011d55,b_a0e6376410cb,r_770fc166ffa0,106.1,,,,,0.0195
d_80dec6893ea9,b_a0e6376410cb,r_770fc166ffa0,230.2,,,,,0.01
d_0333b66cd4d2,b_a0e6376410cb,r_770fc166ffa0,106.2,,,,,0.0182
d_21e4ad2ae589,b_a0e6376410cb,r_770fc166ffa0,106.0,,,,,0.0183
d_9ae8a0552434,b_a0e6376410cb,r_770fc166ffa0,93.0,,,,,0.0258
d_bf217e522ef2,b_a0e6376410cb,r_77a0d3ba0f9c,137.0,,,,,0.0055
d_2f41e9aecd71,b_a0e6376410cb,r_77a0d3ba0f9c,108.0,,,,,0.0078
d_260aced72405,b_a0e6376410cb,r_77a0d3ba0f9c,13.0,90.0,144.0,,,0.0334
d_c39fe6bab820,b_a0e6376410cb,r_77a0d3ba0f9c,87.0,109.0,,,,0.019
d_9a4e6a7828e3,b_a0e6376410cb,r_77a0d3ba0f9c,151.0,,,,,0.0047
d_4406ae97dc09,b_a0e6376410cb,r_77a0d3ba0f9c,10.0,88.0,110.0,,,0.0422
d_e453b68fa165,b_a0e6376410cb,r_66f8934ecd8c,95.1,,,,,0.0245
d_e13ae085ad7d,b_a0e6376410cb,r_66f8934ecd8c,91.1,229.1,,,,0.0273
d_1cd02a13c100,b_a0e6376410cb,r_66f8934ecd8c,85.1,132.1,,,,0.0379
d_1ae1d79ea843,b_a0e6376410cb,r_0524a19c4bfd,140.0,,,,,0.0051
d_9034280235c8,b_a0e6376410cb,r_0524a19c4bfd,8.0,34.0,104.0,227.0,,0.0509
d_6c52c6e90375,b_7aac45259c8a,r_ab8e8ce3ee18,236.0,437.0,,,,0.0007
d_aac728f354d4,b_7aac45259c8a,r_ab8e8ce3ee18,188.0,416.0,,,,0.0009
d_5dc80411b804,b_7aac45259c8a,r_ab8e8ce3ee18,342.0,,,,,0.0004
d_b5b678a3f79f,b_53df020ad893,r_9b5c4b767d88,,,,,,0.0
d_3734123e6d90,b_9a5a45d6e498,r_101aa0c8e52c,80.0,102.0,,,,0.028
d_2405b9e7bd2f,b_9a5a45d6e498,r_101aa0c8e52c,101.0,,,,,0.011
d_e8416d741c77,b_9a5a45d6e498,r_6359aa838297,80.0,102.0,,,,0.0284
d_3efa498ef3d6,b_9a5a45d6e498,r_6359aa838297,14.0,81.0,102.0,,,0.0651
d_f6439f15661d,b_9a5a45d6e498,r_6359aa838297,80.0,100.0,,,,0.0326
d_045289757308,b_9a5a45d6e498,r_6359aa838297,17.0,82.0,109.0,,,0.0585
d_6b475a7a7d3d,b_9a5a45d6e498,r_6359aa838297,85.0,141.0,,,,0.0191
d_1420f5ff758c,b_9a5a45d6e498,r_6359aa838297,79.0,91.0,213.0,,,0.0418
d_d4b4272d5229,b_9a5a45d6e498,r_d1124136aa68,81.2,111.2,,,,0.0285
d_5a5b7fb9fb17,b_62e09ab003f8,r_5c8cfab78cad,59.0,,,,,0.0
d_bd747a44f474,b_62e09ab003f8,r_5c8cfab78cad,152.0,,,,,0.0
d_357ab55c0b35,b_62e09ab003f8,r_5c8cfab78cad,77.0,,,,,0.0
d_9e9a121da2bd,b_62e09ab003f8,r_5c8cfab78cad,153.0,,,,,0.0
d_16c8e77c07a0,b_62e09ab003f8,r_5c8cfab78cad,,,,,,0.0
d_b12e5238f227,b_62e09ab003f8,r_5c8cfab78cad,61.0,,,,,0.0
d_b284008acadb,b_62e09ab003f8,r_5c8cfab78cad,43.0,,,,,0.0
d_ccd6076a4a3c,b_62e09ab003f8,r_5c8cfab78cad,74.0,,,,,0.0
d_9388d3123fcd,b_62e09ab003f8,r_5c8cfab78cad,70.0,,,,,0.0
d_c0d57a7ee8f6,b_62e09ab003f8,r_5c8cfab78cad,75.0,,,,,0.0
d_ae955e62c36f,b_62e09ab003f8,r_5c8cfab78cad,40.0,,,,,0.0
d_bfd3f9589f83,b_62e09ab003f8,r_5c8cfab78cad,39.0,,,,,0.0
d_235be54ccf3c,b_62e09ab003f8,r_5c8cfab78cad,80.0,,,,,0.0
d_ee65c2e953f9,b_62e09ab003f8,r_5c8cfab78cad,73.0,,,,,0.0
d_802c98a69ce8,b_62e09ab003f8,r_5c8cfab78cad,148.0,,,,,0.0
d_9b227597b574,b_62e09ab003f8,r_5c8cfab78cad,156.0,,,,,0.0
d_cf33d60bc183,b_62e09ab003f8,r_5c8cfab78cad,60.0,,,,,0.0
d_0a09ec0f5d62,b_62e09ab003f8,r_5c8cfab78cad,160.0,,,,,0.0
d_87852d5a2385,b_62e09ab003f8,r_5c8cfab78cad,38.0,,,,,0.0
d_5b5652ea14dd,b_62e09ab003f8,r_5c8cfab78cad,149.0,,,,,0.0
d_7a70ccaf7e9c,b_62e09ab003f8,r_5c8cfab78cad,63.0,,,,,0.0
d_e87ebf12f990,b_62e09ab003f8,r_5c8cfab78cad,158.0,,,,,0.0
d_80ea9e8cb3df,b_62e09ab003f8,r_5bd522ea865e,126.0,,,,,0.0081
d_67db8b5aec3b,b_62e09ab003f8,r_5bd522ea865e,12.0,34.0,115.0,170.0,,0.066
d_6882bb5bcffe,b_62e09ab003f8,r_5bd522ea865e,115.0,260.0,,,,0.0111
d_d97de528ad3a,b_62e09ab003f8,r_5bd522ea865e,114.0,254.0,,,,0.0117
d_0aade8a828a7,b_60c6d1796ab4,r_b4c6b2670bd8,127.1,268.1,,,,0.0069
d_00c7d7c93295,b_60c6d1796ab4,r_b4c6b2670bd8,54.1,161.1,,,,0.0093
d_a781dd8864b0,b_60c6d1796ab4,r_b4c6b2670bd8,164.1,,,,,0.0034
d_abfc3817b110,b_60c6d1796ab4,r_e301f99df217,131.2,,,,,0.0056
d_402d39007db3,b_955300d5f090,r_0d59c2f44f40,205.0,,,,,0.0029
d_70d09dad9888,b_955300d5f090,r_0d59c2f44f40,202.2,,,,,0.003
d_101df492b4e2,b_955300d5f090,r_0d59c2f44f40,276.2,,,,,0.0025
d_8151bdb896a9,b_955300d5f090,r_0d59c2f44f40,194.2,336.2,,,,0.0037
d_447f45b687da,b_955300d5f090,r_0d59c2f44f40,142.2,275.2,,,,0.0071
d_17577be96a87,b_955300d5f090,r_0d59c2f44f40,224.0,,,,,0.0027
d_1e9752415535,b_955300d5f090,r_0d59c2f44f40,196.0,340.0,,,,0.0036
d_fce9ffa6fd96,b_955300d5f090,r_0d59c2f44f40,196.0,414.0,,,,0.0034
d_d5f20cf449f2,b_955300d5f090,r_0d59c2f44f40,297.0,,,,,0.0017
d_3fcf7c5e0255,b_955300d5f090,r_0d59c2f44f40,281.2,,,,,0.0021
d_71cdbca5457a,b_955300d5f090,r_0d59c2f44f40,220.0,,,,,0.0043
d_e7092c8db709,b_955300d5f090,r_0d59c2f44f40,299.9,,,,,0.0031
d_6ff29d2db939,b_955300d5f090,r_0d59c2f44f40,296.0,,,,,0.0034
d_68a0cc054179,b_955300d5f090,r_0d59c2f44f40,219.2,,,,,0.0044
d_91e5f056f524,b_955300d5f090,r_0d59c2f44f40,214.9,439.9,,,,0.0047
d_e6d590357383,b_955300d5f090,r_0d59c2f44f40,350.2,,,,,0.0022
d_309f0e63be64,b_955300d5f090,r_0d59c2f44f40,9.0,47.0,119.0,194.0,294.0,0.0791
d_c31dbd35bdd9,b_955300d5f090,r_0d59c2f44f40,294.9,,,,,0.0036
d_a3913efef129,b_955300d5f090,r_0d59c2f44f40,296.0,,,,,0.0035
d_7d80d3aa458c,b_955300d5f090,r_0d59c2f44f40,211.2,426.2,,,,0.0054
d_f47e395465b8,b_955300d5f090,r_0d59c2f44f40,224.9,,,,,0.0041
d_8be3a8f54b99,b_955300d5f090,r_0d59c2f44f40,212.2,428.2,,,,0.0053
d_7475202e8bf1,b_955300d5f090,r_0d59c2f44f40,223.2,,,,,0.0043
d_bb54aa9bdf92,b_955300d5f090,r_0d59c2f44f40,211.2,426.2,,,,0.0054
d_4d3899e239f2,b_955300d5f090,r_0d59c2f44f40,131.9,228.9,,,,0.011
d_4ade02e87b5e,b_955300d5f090,r_0d59c2f44f40,189.0,316.0,,,,0.0069
d_13c98b15c384,b_955300d5f090,r_0d59c2f44f40,198.0,342.0,,,,0.006
d_e175be1edebb,b_955300d5f090,r_0d59c2f44f40,220.2,,,,,0.0044
d_9d5c212e0cd7,b_955300d5f090,r_0d59c2f44f40,202.9,348.9,,,,0.0057
d_98c64844c9e9,b_955300d5f090,r_0d59c2f44f40,303.9,,,,,0.0029
d_6ae01eac2a9a,b_955300d5f090,r_9cb7e6657012,297.9,,,,,0.0016
d_ee0408c81af7,b_955300d5f090,r_9cb7e6657012,303.9,,,,,0.0015
d_2c260c3da0e0,b_955300d5f090,r_9cb7e6657012,302.9,,,,,0.0016
d_5d79d8c6ba7a,b_955300d5f090,r_9cb7e6657012,288.9,,,,,0.0019
d_37d5d18f8127,b_955300d5f090,r_9cb7e6657012,276.9,,,,,0.0023
d_690ce74ac6ee,b_955300d5f090,r_9cb7e6657012,297.9,,,,,0.0016
d_b2e6d2cdef68,b_955300d5f090,r_9cb7e6657012,211.9,,,,,0.0028
d_b8f4a36cf8ad,b_955300d5f090,r_9cb7e6657012,295.9,,,,,0.0018
d_53d61e22fef6,b_955300d5f090,r_9ea33a360e32,200.3,420.3,,,,0.0043
d_659282cb1d0f,b_955300d5f090,r_9ea33a360e32,198.3,342.3,,,,0.0047
d_eeefc1b8d774,b_955300d5f090,r_9ea33a360e32,168.3,286.3,,,,0.0074
d_d2041339c655,b_955300d5f090,r_9ea33a360e32,200.3,418.3,,,,0.0043
d_b31f97e26753,b_955300d5f090,r_9ea33a360e32,92.3,157.3,280.3,414.3,,0.0213
d_2af7891ce12d,b_955300d5f090,r_9ea33a360e32,212.3,,,,,0.0037
d_7072e61a8468,b_955300d5f090,r_9ea33a360e32,280.3,,,,,0.0031
d_3f537962b028,b_955300d5f090,r_9ea33a360e32,186.3,308.3,,,,0.0055
d_936802563817,b_955300d5f090,r_9ea33a360e32,199.3,344.3,,,,0.0046
d_467ff6c54ed3,b_955300d5f090,r_9ea33a360e32,189.3,327.3,,,,0.0051
d_bc4b9b3717b0,b_955300d5f090,r_9ea33a360e32,225.3,,,,,0.0034
d_c7ecb6857b9d,b_955300d5f090,r_9ea33a360e32,226.3,,,,,0.0034
d_9a22d49dbcf6,b_955300d5f090,r_9ea33a360e32,200.3,413.3,,,,0.0045
d_035878198859,b_955300d5f090,r_9ea33a360e32,284.3,,,,,0.0028
d_d4075135f991,b_955300d5f090,r_9ea33a360e32,211.8,,,,,0.0049
d_5e9be577006a,b_955300d5f090,r_9ea33a360e32,234.8,,,,,0.0042
d_0a280b2ba796,b_955300d5f090,r_9ea33a360e32,214.8,,,,,0.0047
d_ebfebcd31227,b_955300d5f090,r_9ea33a360e32,287.8,,,,,0.0038
d_fa590b5fab73,b_955300d5f090,r_27b0cfa20d53,179.2,302.2,,,,0.0057
d_6143a8090a07,b_955300d5f090,r_27b0cfa20d53,185.2,304.2,,,,0.0051
d_f21bcef9d3b9,b_955300d5f090,r_27b0cfa20d53,193.2,329.2,,,,0.0088
d_e629c6dd1a0d,b_955300d5f090,r_27b0cfa20d53,198.2,341.2,,,,0.0085
d_f8ce7614da97,b_955300d5f090,r_27b0cfa20d53,199.2,343.2,,,,0.0085
d_259ad0f929c8,b_955300d5f090,r_786737d33818,197.2,338.2,,,,0.0045
d_1e4300c6339e,b_955300d5f090,r_786737d33818,93.2,169.2,282.2,425.2,,0.0184
d_793ab8940394,b_955300d5f090,r_786737d33818,179.2,302.2,,,,0.0055
d_e65abe350e27,b_955300d5f090,r_786737d33818,204.2,,,,,0.0038
d_c56d12a6de45,b_955300d5f090,r_2823849bded1,293.0,,,,,0.0035
d_840fe9661fd8,b_955300d5f090,r_2823849bded1,207.0,,,,,0.0054
d_e20d74c76618,b_955300d5f090,r_2823849bded1,302.0,,,,,0.0032
d_0dee527f5202,b_955300d5f090,r_2823849bded1,295.0,,,,,0.0034
d_62320366b27d,b_955300d5f090,r_2823849bded1,214.0,,,,,0.005
d_3ff7d358691f,b_955300d5f090,r_2823849bded1,286.0,,,,,0.0039
d_92572f97c6d7,b_955300d5f090,r_2823849bded1,293.0,,,,,0.0035
d_cba338edaedc,b_955300d5f090,r_2823849bded1,204.0,429.0,,,,0.0056
d_a12d4c724c23,b_955300d5f090,r_e2a69ae237a4,215.6,432.6,,,,0.0035
d_a98a55fd1547,b_955300d5f090,r_e2a69ae237a4,289.6,506.6,,,,0.0028
d_a95d5d10df5a,b_955300d5f090,r_e2a69ae237a4,343.6,554.6,,,,0.0021
d_dc8f05c852c6,b_955300d5f090,r_e2a69ae237a4,373.6,634.6,,,,0.002
d_97f334f0b4f5,b_955300d5f090,r_e2a69ae237a4,286.6,505.6,,,,0.0029
d_3d3af490dbc7,b_955300d5f090,r_cb32bb120909,259.1,,,,,0.0027
d_1dd3ee06e4fd,b_955300d5f090,r_ca9045f4fef2,166.2,296.2,,,,0.012
d_c909d1e8fed3,b_955300d5f090,r_ca9045f4fef2,212.2,,,,,0.0065
d_d3cad477403e,b_955300d5f090,r_ca9045f4fef2,210.2,428.2,,,,0.0072
d_f587ec3fd537,b_955300d5f090,r_ca9045f4fef2,211.2,,,,,0.0066
d_beb4340cd12a,b_955300d5f090,r_f7088836b3c8,164.2,294.2,,,,0.0123
d_78ab487abc88,b_955300d5f090,r_f7088836b3c8,199.2,347.2,,,,0.0081
d_803b5158dbd7,b_955300d5f090,r_f7088836b3c8,210.2,427.2,,,,0.0072
d_a12a10261e9b,b_955300d5f090,r_f7088836b3c8,186.2,311.2,,,,0.0098
d_d4a0918c2099,b_955300d5f090,r_f7088836b3c8,183.2,311.2,,,,0.0101
d_bccc83ab0c2d,b_955300d5f090,r_02e6b266abf6,178.2,304.2,,,,0.0108
d_8993ef06e18e,b_955300d5f090,r_02e6b266abf6,180.2,307.2,,,,0.0104
d_c133de37fcbb,b_955300d5f090,r_02e6b266abf6,212.2,,,,,0.0065
d_da4b7d2e7153,b_955300d5f090,r_02e6b266abf6,199.2,346.2,,,,0.008
d_859902cf5bc9,b_955300d5f090,r_02e6b266abf6,291.2,,,,,0.0047
d_758fc488c883,b_955300d5f090,r_f2d7d812a5f0,200.2,349.2,,,,0.008
d_fc045d3599a2,b_955300d5f090,r_f2d7d812a5f0,132.2,232.2,,,,0.0154
d_e48beb704ed4,b_955300d5f090,r_9b5477e4058b,151.2,295.2,,,,0.0097
d_6f75806d4198,b_955300d5f090,r_9b5477e4058b,157.2,296.2,,,,0.0094
d_50c42cdc9743,b_955300d5f090,r_9b5477e4058b,204.2,352.2,,,,0.0057
d_3f55a3193a24,b_955300d5f090,r_e292e2e62ec3,300.1,,,,,0.0022
d_bb40a477d811,b_955300d5f090,r_e292e2e62ec3,223.1,,,,,0.0057
d_35f1f7767260,b_955300d5f090,r_e292e2e62ec3,199.1,337.1,,,,0.0079
d_f6f64b939eaf,b_955300d5f090,r_e292e2e62ec3,316.1,,,,,0.0017
d_84c4f7bf7552,b_955300d5f090,r_e292e2e62ec3,213.1,430.1,,,,0.0037
d_75c911f9d64e,b_955300d5f090,r_5b4caff693e8,409.1,610.1,,,,0.0
d_1b2793814262,b_955300d5f090,r_5b4caff693e8,409.1,610.1,,,,0.0
d_fb1085fa2812,b_955300d5f090,r_5b4caff693e8,308.1,551.1,,,,0.0
d_9020559b3e37,b_955300d5f090,r_e156e26e7583,320.4,523.4,,,,0.0
d_9dd770fbab17,b_955300d5f090,r_e156e26e7583,399.4,655.4,,,,0.0
d_751ac25d2ed3,b_955300d5f090,r_e156e26e7583,330.4,533.4,,,,0.0
d_eb8be752b2ff,b_955300d5f090,r_baa7dd603600,226.6,498.6,,,,0.0032
d_3b8706965be3,b_955300d5f090,r_baa7dd603600,253.6,499.6,,,,0.003
d_98c67d44ad4d,b_955300d5f090,r_baa7dd603600,225.6,498.6,,,,0.0032
d_fa0a75ea9a67,b_b57e86051e7e,r_103dff28bb7b,24.0,,,,,0.0374
d_83ab792e75e4,b_ad4a5872f2db,r_99bd12b98a34,,,,,,0.0
d_357f39737767,b_ad4a5872f2db,r_99bd12b98a34,,,,,,0.0
d_3d26e12378f1,b_ad4a5872f2db,r_38ffec571713,,,,,,0.0
d_f37ed1e83a5f,b_ad4a5872f2db,r_38ffec571713,,,,,,0.0
d_588011609899,b_ad4a5872f2db,r_38ffec571713,,,,,,0.0
d_98c5a7156a5e,b_ad4a5872f2db,r_38ffec571713,,,,,,0.0
d_d9d695df1683,b_ad4a5872f2db,r_38ffec571713,,,,,,0.0
d_350730de3316,b_ad4a5872f2db,r_38ffec571713,,,,,,0.0
d_c9a2ce794b68,b_ad4a5872f2db,r_38ffec571713,,,,,,0.0
d_a702ad79bffb,b_ad4a5872f2db,r_38ffec571713,,,,,,0.0
d_a85bae19463d,b_ad4a5872f2db,r_38ffec571713,,,,,,0.0
d_4493250abcd3,b_b9acdf6071f3,r_e45cc68e00a2,75.0,184.0,326.0,,,0.0179
d_c76f521a00b2,b_b9acdf6071f3,r_e45cc68e00a2,101.0,206.0,,,,0.0109
d_88ce8bc64560,b_b9acdf6071f3,r_e45cc68e00a2,82.0,189.0,,,,0.0145
d_d64d5d2342bb,b_b9acdf6071f3,r_e45cc68e00a2,185.0,,,,,0.0058
d_a9e869083651,b_b9acdf6071f3,r_e45cc68e00a2,73.0,126.0,318.0,,,0.0192
d_321f6f3714a5,b_b9acdf6071f3,r_8b5670cba0a2,127.0,,,,,0.0071
d_bedac424bb48,b_b9acdf6071f3,r_8b5670cba0a2,72.0,115.0,243.0,,,0.0208
d_77f3f0494d56,b_4217a3b6e58b,r_84ab2c9a82b8,183.3,,,,,0.0068
d_06f1081b126d,b_4217a3b6e58b,r_bd4c57fb510d,189.1,,,,,0.0055
d_d11f0f3781af,b_4217a3b6e58b,r_bd4c57fb510d,103.1,227.1,,,,0.0099
d_479be9ca4f22,b_4217a3b6e58b,r_bd4c57fb510d,205.1,,,,,0.0041
d_7bdc39a8d750,b_4217a3b6e58b,r_bd4c57fb510d,127.1,,,,,0.0073
d_f95037e38d17,b_4217a3b6e58b,r_bd4c57fb510d,90.1,196.1,,,,0.0133
d_7532136f7c0a,b_4217a3b6e58b,r_bd4c57fb510d,106.1,245.1,,,,0.0088
d_866c14727d8f,b_4217a3b6e58b,r_bd4c57fb510d,128.1,,,,,0.0073
d_0ae76f0be3e4,b_4217a3b6e58b,r_bd4c57fb510d,106.1,245.1,,,,0.0088
d_ea9025c83c80,b_4217a3b6e58b,r_bd4c57fb510d,92.1,198.1,,,,0.0129
d_60d1aa2cdc3a,b_4217a3b6e58b,r_bd4c57fb510d,186.1,,,,,0.0057
d_2d492b0b7492,b_4217a3b6e58b,r_a36e0de3c5c2,74.0,183.0,323.0,,,0.0191
d_97b61ab060a6,b_4217a3b6e58b,r_a36e0de3c5c2,103.0,222.0,,,,0.0101
d_980c3c138384,b_4217a3b6e58b,r_a36e0de3c5c2,183.0,,,,,0.0069
d_921338dbff08,b_4217a3b6e58b,r_a36e0de3c5c2,193.0,,,,,0.0051
d_ed1309692d81,b_4217a3b6e58b,r_a36e0de3c5c2,103.0,236.0,,,,0.0096
d_231eb3170e25,b_4217a3b6e58b,r_a36e0de3c5c2,92.0,203.0,,,,0.0123
d_999dd113343c,b_4217a3b6e58b,r_a36e0de3c5c2,92.0,201.0,,,,0.0126
d_1c46b0502100,b_4217a3b6e58b,r_a36e0de3c5c2,183.0,,,,,0.0064
d_8753828dd859,b_4217a3b6e58b,r_cdb37c5edd19,380.1,656.1,,,,0.0
d_360efda95d1e,b_4217a3b6e58b,r_cdb37c5edd19,427.1,663.1,,,,0.0
d_4b58677ce660,b_4217a3b6e58b,r_cdb37c5edd19,473.1,677.1,,,,0.0
d_ba27a8d32e0c,b_c2dc4330feb5,r_65e639cdbefd,75.2,127.2,319.2,,,0.0172
d_45de2f2188fa,b_c2dc4330feb5,r_65e639cdbefd,77.2,186.2,328.2,,,0.016
d_abbd3c7517a2,b_dabc992b5f46,r_f13f5c3c9f5f,,,,,,0.0
d_d13630641f39,b_15bc00efc223,r_8fa484a8c87f,11.1,66.1,112.1,211.1,,0.0649
d_d8db71884f87,b_15bc00efc223,r_89c3bc35e31a,12.2,68.2,114.2,213.2,,0.0617
d_75ee4d242a8c,b_15bc00efc223,r_89c3bc35e31a,17.2,79.2,123.2,222.2,,0.0549
d_27ce1ac0a554,b_15bc00efc223,r_89c3bc35e31a,11.2,58.2,112.2,205.2,332.2,0.0696
d_c90f83dd9ea8,b_fcce8f31d315,r_5f10a21ecd58,31.1,96.1,200.1,,,0.0375
d_469285226e03,b_be0092b8c92e,r_38045b3776de,216.2,,,,,0.0019
d_32458a23f61c,b_be0092b8c92e,r_38045b3776de,234.2,,,,,0.0015
d_d20225121466,b_be0092b8c92e,r_279cb4f4fc29,118.1,234.1,,,,0.0041
d_586c0414175c,b_be0092b8c92e,r_279cb4f4fc29,91.1,213.1,,,,0.0061
d_a431a5e84fcd,b_be0092b8c92e,r_279cb4f4fc29,132.1,263.1,,,,0.0033
d_14ff7b047c65,b_be0092b8c92e,r_f1736c7a40b7,133.3,276.3,,,,0.0029
d_8f262c1bda75,b_be0092b8c92e,r_f1736c7a40b7,234.3,,,,,0.0014
d_9f3c85e3a7e1,b_be0092b8c92e,r_f1736c7a40b7,108.3,220.3,,,,0.0048
d_e330916ab84b,b_be0092b8c92e,r_829b4d35c026,116.2,233.2,,,,0.0041
d_3a7d369c9aee,b_be0092b8c92e,r_829b4d35c026,222.2,,,,,0.0017
d_50d206f364b2,b_be0092b8c92e,r_a6ff229f5d88,220.3,,,,,0.0017
d_1269eb694e96,b_be0092b8c92e,r_a6ff229f5d88,216.3,,,,,0.0019
d_c9f1e52bf751,b_be0092b8c92e,r_a6ff229f5d88,135.3,348.3,,,,0.0028
d_11dc61654452,b_be0092b8c92e,r_2781546d7942,214.2,,,,,0.0019
d_76b6e22bbcb7,b_be0092b8c92e,r_2781546d7942,140.2,357.2,,,,0.0026
d_440dd2bc82e5,b_55038c6689a0,r_ddd012cdb553,253.1,,,,,0.0011
d_3a09948220e0,b_55038c6689a0,r_ddd012cdb553,201.1,,,,,0.0012
d_7d8343427c5f,b_55038c6689a0,r_ddd012cdb553,169.1,299.1,,,,0.0019
d_f1f5cc249ed6,b_55038c6689a0,r_ddd012cdb553,173.1,316.1,,,,0.0017
d_a7c64361308e,b_55038c6689a0,r_ddd012cdb553,173.1,316.1,,,,0.0017
d_52deb7b58d70,b_55038c6689a0,r_ddd012cdb553,190.1,,,,,0.0013
d_ada4f028bcd1,b_55038c6689a0,r_ddd012cdb553,171.1,309.1,,,,0.0018
d_44fc5c1bcf38,b_55038c6689a0,r_ddd012cdb553,253.1,,,,,0.0012
d_c7742a7b81aa,b_55038c6689a0,r_ddd012cdb553,143.1,258.1,,,,0.0027
d_fe6233c68a67,b_ce7925d56654,r_1bb7730fcee1,262.0,,,,,0.0029
d_3db330ba4098,b_ce7925d56654,r_1bb7730fcee1,219.0,374.0,,,,0.004
d_8c43f9975289,b_ce7925d56654,r_1bb7730fcee1,373.0,,,,,0.0016
d_bfbe0f417642,b_ce7925d56654,r_1bb7730fcee1,218.0,374.0,,,,0.004
d_9fd6f7d6469b,b_ce7925d56654,r_1bb7730fcee1,171.0,354.0,,,,0.0052
d_0befe288584a,b_ce7925d56654,r_1bb7730fcee1,250.0,489.0,,,,0.0032
d_071ecf7d4231,b_ce7925d56654,r_1bb7730fcee1,260.0,,,,,0.003
d_d1529e657cbe,b_ce7925d56654,r_1bb7730fcee1,262.0,,,,,0.0028
d_600bd93ceff1,b_ce7925d56654,r_1bb7730fcee1,276.0,,,,,0.0024
d_db3f4d1a222e,b_ce7925d56654,r_0620a16c3ded,285.1,,,,,0.0023
d_36ad37928c5a,b_ce7925d56654,r_0620a16c3ded,241.1,408.1,,,,0.0036
d_b541fda0e6c0,b_ce7925d56654,r_6beebf5e37bf,250.1,487.1,,,,0.0033
d_6cfe45359687,b_ce7925d56654,r_6beebf5e37bf,272.1,,,,,0.0026
d_c0b59014fcd8,b_ce7925d56654,r_6beebf5e37bf,272.1,,,,,0.0026
d_9af963fa9017,b_ce7925d56654,r_6beebf5e37bf,261.1,,,,,0.003
d_ee4f601d5f37,b_6869b0f15a78,r_ff96a3eef647,140.1,205.1,383.1,529.1,,0.0
d_71ac9b979bea,b_6869b0f15a78,r_ff96a3eef647,206.1,420.1,663.1,,,0.0
d_3049b6345348,b_6869b0f15a78,r_ff96a3eef647,147.1,222.1,419.1,546.1,,0.0
d_39a0633e29a3,b_6869b0f15a78,r_974c30d91109,412.1,,,,,0.0
d_0af9f5cde20b,b_6869b0f15a78,r_974c30d91109,178.1,339.1,531.1,,,0.0
d_3768c72e253d,b_6869b0f15a78,r_974c30d91109,437.1,,,,,0.0
d_fea7ade52d34,b_6869b0f15a78,r_974c30d91109,170.1,329.1,521.1,,,0.0
d_a87a43566961,b_6869b0f15a78,r_974c30d91109,520.1,,,,,0.0
d_70e835d18878,b_6869b0f15a78,r_974c30d91109,541.1,,,,,0.0
d_fb23e7531fc3,b_6869b0f15a78,r_0facb54e227f,538.1,,,,,0.0
d_e84c22b129bd,b_2b69c4007582,r_7c97db8498cc,373.1,577.1,,,,0.0012
d_e1e4faede955,b_2b69c4007582,r_7c97db8498cc,373.2,579.2,,,,0.0012
d_fdd2405211e0,b_2b69c4007582,r_7c97db8498cc,356.1,572.1,,,,0.0013
d_072f1ae046d5,b_2b69c4007582,r_7c97db8498cc,110.0,145.0,203.0,248.0,372.0,0.027
d_e8316ec4007e,b_2b69c4007582,r_7c97db8498cc,212.2,372.2,563.2,,,0.0034
d_ce92343b3466,b_2b69c4007582,r_7c97db8498cc,486.1,,,,,0.0006
d_969010a27c20,b_2b69c4007582,r_7c97db8498cc,381.2,584.2,,,,0.0011
d_f4ac02d710b7,b_2b69c4007582,r_7c97db8498cc,244.1,449.1,618.1,,,0.0024
d_6c39de1f466c,b_2b69c4007582,r_7c97db8498cc,212.2,372.2,563.2,,,0.0034
d_1be9309abd26,b_2b69c4007582,r_7c97db8498cc,288.3,562.3,,,,0.0015
d_ae681061ad09,b_2b69c4007582,r_7c97db8498cc,240.2,438.2,614.2,,,0.0025
d_e4f4d37f7a22,b_2b69c4007582,r_7c97db8498cc,350.2,570.2,,,,0.0013
d_24c9ba0637d3,b_2b69c4007582,r_7c97db8498cc,288.2,562.2,,,,0.0015
d_b7941ce176c5,b_2b69c4007582,r_7c97db8498cc,212.1,372.1,563.1,,,0.0034
d_b081a28de119,b_2b69c4007582,r_7c97db8498cc,283.2,562.2,,,,0.0015
d_ff81017c5b6a,b_2b69c4007582,r_7c97db8498cc,214.0,374.0,566.0,,,0.0033
d_af3181f5a335,b_2b69c4007582,r_7c97db8498cc,246.1,459.1,700.1,,,0.0022
d_5dda17594a4d,b_2b69c4007582,r_7c97db8498cc,246.2,457.2,697.2,,,0.0022
d_49c35453655e,b_2b69c4007582,r_7c97db8498cc,273.2,485.2,,,,0.0017
d_f2c19747d515,b_2b69c4007582,r_7c97db8498cc,283.2,562.2,,,,0.0015
d_0039522d1a72,b_2b69c4007582,r_7c97db8498cc,203.1,279.1,482.1,701.1,,0.0043
d_85cdd412f0d4,b_2b69c4007582,r_7c97db8498cc,241.3,438.3,616.3,,,0.0025
d_ac9596782280,b_2b69c4007582,r_7c97db8498cc,222.2,396.2,582.2,,,0.0029
d_65da0b29465f,b_2b69c4007582,r_7c97db8498cc,246.2,460.2,702.2,,,0.0022
d_6e85484c361a,b_2b69c4007582,r_7c97db8498cc,263.3,481.3,,,,0.0019
d_68681751508d,b_2b69c4007582,r_7c97db8498cc,273.1,488.1,,,,0.0017
d_3b313557033e,b_2b69c4007582,r_7c97db8498cc,220.2,381.2,575.2,,,0.003
d_df4946867bd5,b_2b69c4007582,r_a86a82a16ca0,227.2,409.2,585.2,,,0.0028
d_7f7b3efb75a6,b_2b69c4007582,r_a86a82a16ca0,381.2,584.2,,,,0.0012
d_1304e3aa21dd,b_2b69c4007582,r_a86a82a16ca0,143.2,204.2,274.2,452.2,564.2,0.0115
d_0d8ba51ca08a,b_2b69c4007582,r_a86a82a16ca0,409.2,620.2,,,,0.001
d_d9b48866e76e,b_2b69c4007582,r_a86a82a16ca0,247.2,461.2,704.2,,,0.0022
d_e64e6520dadb,b_2b69c4007582,r_a86a82a16ca0,226.2,404.2,585.2,,,0.0028
d_c9ef403b69ca,b_2b69c4007582,r_a86a82a16ca0,269.2,483.2,,,,0.0018
d_2ccf5c6f5047,b_2b69c4007582,r_a86a82a16ca0,229.2,424.2,588.2,,,0.0027
d_7f2679539212,b_2b69c4007582,r_a86a82a16ca0,250.2,468.2,,,,0.0021
d_89852baf20d6,b_2b69c4007582,r_a86a82a16ca0,290.2,563.2,,,,0.0015
d_dac65fa276da,b_2b69c4007582,r_a86a82a16ca0,269.2,484.2,,,,0.0018
d_fdc281eb6fdf,b_2b69c4007582,r_a86a82a16ca0,247.2,459.2,699.2,,,0.0023
d_04677e838244,b_2b69c4007582,r_a86a82a16ca0,208.2,351.2,563.2,,,0.0037
d_a0c99683a3b7,b_2b69c4007582,r_a86a82a16ca0,276.2,490.2,,,,0.0017
d_4752f4c9d899,b_2b69c4007582,r_a86a82a16ca0,452.2,,,,,0.0009
d_a431623f4b31,b_2b69c4007582,r_a86a82a16ca0,247.2,452.2,624.2,,,0.0024
d_cd5d32257970,b_2b69c4007582,r_a86a82a16ca0,258.2,473.2,,,,0.002
d_a8798c4b779b,b_2b69c4007582,r_268fb9378735,356.0,573.0,,,,0.0013
d_f28992902f9a,b_2b69c4007582,r_268fb9378735,204.0,280.0,483.0,703.0,,0.0044
d_797774d63773,b_2b69c4007582,r_268fb9378735,292.0,564.0,,,,0.0015
d_603a3854ad64,b_2b69c4007582,r_268fb9378735,221.0,385.0,578.0,,,0.0031
d_58fb8fc8d049,b_2b69c4007582,r_268fb9378735,251.0,472.0,,,,0.0021
d_4d06bb13499d,b_2b69c4007582,r_e1bac19501a4,134.2,179.2,228.2,352.2,461.2,0.0176
d_ff4f5ffc61ff,b_2b69c4007582,r_e1bac19501a4,182.2,247.2,440.2,581.2,,0.006
d_89bca7e18496,b_2b69c4007582,r_e1bac19501a4,263.2,480.2,,,,0.002
d_eea64468d01f,b_2b69c4007582,r_e1bac19501a4,222.2,388.2,579.2,,,0.003
d_8d4ede45eea7,b_2b69c4007582,r_e1bac19501a4,472.2,,,,,0.0008
d_f47dd85c5ba2,b_2b69c4007582,r_e1bac19501a4,375.2,582.2,,,,0.0012
d_7ecd63c5752d,b_2b69c4007582,r_e1bac19501a4,146.2,207.2,285.2,466.2,577.2,0.0102
d_cff8f40023ea,b_2b69c4007582,r_e1bac19501a4,180.2,247.2,426.2,573.2,,0.0064
d_ec9b52a6ae09,b_2b69c4007582,r_e1bac19501a4,373.2,577.2,,,,0.0013
d_f51e2ab8527e,b_2b69c4007582,r_e1bac19501a4,401.2,615.2,,,,0.001
